PicName,WheelName,Id
SL05.jpg,SL05,0
SL04.jpg,SL04,1
SL03.jpg,SL03,2
SL02.jpg,SL02,3
SL01.jpg,SL01,4
JR47.jpg,JR47,5
JR46.jpg,JR46,6
JR45.jpg,JR45,7
JR44.jpg,JR44,8
JR43.jpg,JR43,9
JR42.jpg,JR42,10
JR41.jpg,JR41,11
JR40.jpg,JR40,12
JR39.jpg,JR39,13
JR38.jpg,JR38,14
JR37.jpg,JR37,15
JR36.jpg,JR36,16
JR35.jpg,JR35,17
JR34.jpg,JR34,18
JR33.jpg,JR33,19
JR32.jpg,JR32,20
JR31.jpg,JR31,21
JR30.jpg,JR30,22
JR29.jpg,JR29,23
JR28.jpg,JR28,24
JR26.jpg,JR26,25
JR25.jpg,JR25,26
JR23.jpg,JR23,27
JR22.jpg,JR22,28
JR21.jpg,JR21,29
JR20.jpg,JR20,30
JR19.jpg,JR19,31
JR18.jpg,JR18,32
JR15.jpg,JR15,33
JR14.jpg,JR14,34
JR12.jpg,JR12,35
JR11.jpg,JR11,36
JR10.jpg,JR10,37
JR9.jpg,JR9,38
JR7.jpg,JR7,39
JR6.jpg,JR6,40
JR5.jpg,JR5,41
JR3.jpg,JR3,42
TF2.jpg,TF2,43
JRX12.jpg,JRX12,44
JRX11.jpg,JRX11,45
JRX10.jpg,JRX10,46
JRX9.jpg,JRX9,47
JRX6.jpg,JRX6,48
JRX5.jpg,JRX5,49
JRX4.jpg,JRX4,50
JRX3.jpg,JRX3,51
MB_W204_1.jpg, MB_unknown, 52
MB_W204_2.jpg, MB_unknown, 52
MB_W204_3.jpg, MB_unknown, 52
MB_W204_4.jpg, MB_unknown, 52
MB_W204_5.jpg, MB_unknown, 52
MB_W204_6.jpg, MB_unknown, 52
MB_W204_7.jpg, MB_unknown, 52
MB_W204_8.jpg, MB_unknown, 52
MB_W204_9.jpg, MB_unknown, 52
